{"cameraMode":{"drawMode":0,"name":"Shaded","section":"Shading Mode"},"sceneLighting":true,"audioPlay":false,"sceneViewState":{"showFog":true,"showMaterialUpdate":false,"showSkybox":true,"showFlares":true,"showImageEffects":true,"showParticleSystems":true},"in2DMode":false,"pivot":{"x":-1.8691575527191163,"y":2.853698253631592,"z":6.759034156799316},"rotation":{"x":0.26840147376060488,"y":-0.10205665230751038,"z":0.028609810397028924,"w":0.9574679732322693},"size":14.008683204650879,"orthographic":false}